{"data":[{"attributes":{"fips":"0","name":"","currentMonth":"February 2021"},"geometry":{"x":-119.77836,"y":51.28194},"PctUnemployed":[4,3.8,4.5,14.4,13,11.2,10.5,8.5,7.7,6.6,6.4,6.5,6.8,6.6],"LaborForce":[163497000,164235000,162537000,155830000,157975000,160883000,161374000,160966000,160073000,161053000,160468000,160017000,159234000,160008000]}],"maxLaborForce":164235000,"maxPctUnemployed":14.4}