{"data":[{"attributes":{"fips":"0","name":""},"geometry":{"x":-119.77836,"y":51.28194},"PctUnemployed":[4,3.8,4.5,14.4,13,11.2,10.5,8.5,7.7,6.6,6.4,6.5,6.8,6.6]}],"maxPctUnemployed":14.4}